{"order_event_type_cd":"OR_CL","order_rcvg_firm_mpid":11,"order_rcvg_firm_ordrcvd_date":"3/2/2018","order_rcvg_firm_order_id":1,"firm_roe_id":"FR1","source_system":"GTS","Action_type_code":"REVERT","Issue_Sysmbol_id":"D1","Order_Cancel_Timestamp":"3/9/2018 13:23","Cancel_Type_Flag":"X","Cancel_Quantity":1,"Cancel_Leaves_Quantity":0,"Cancelled_By_Flag":"N"}
{"order_event_type_cd":"OR_CL","order_rcvg_firm_mpid":11,"order_rcvg_firm_ordrcvd_date":"3/2/2018","order_rcvg_firm_order_id":1,"firm_roe_id":"FR1","source_system":"GTS","Action_type_code":"REVERT","Issue_Sysmbol_id":"D1","Order_Cancel_Timestamp":"3/9/2018 13:23","Cancel_Type_Flag":"X","Cancel_Quantity":1,"Cancel_Leaves_Quantity":0,"Cancelled_By_Flag":"N"}
{"order_event_type_cd":"OR_CL","order_rcvg_firm_mpid":11,"order_rcvg_firm_ordrcvd_date":"3/2/2018","order_rcvg_firm_order_id":2,"firm_roe_id":"FR2","source_system":"GTS","Action_type_code":"REVERT","Issue_Sysmbol_id":"D1","Order_Cancel_Timestamp":"3/10/2018 13:23","Cancel_Type_Flag":"X","Cancel_Quantity":2,"Cancel_Leaves_Quantity":0,"Cancelled_By_Flag":"N"}
{"order_event_type_cd":"OR_CL","order_rcvg_firm_mpid":11,"order_rcvg_firm_ordrcvd_date":"3/2/2018","order_rcvg_firm_order_id":3,"firm_roe_id":"FR3","source_system":"GTS","Action_type_code":"REVERT","Issue_Sysmbol_id":"D1","Order_Cancel_Timestamp":"3/11/2018 13:23","Cancel_Type_Flag":"X","Cancel_Quantity":3,"Cancel_Leaves_Quantity":0,"Cancelled_By_Flag":"N"}
{"order_event_type_cd":"OR_CL","order_rcvg_firm_mpid":11,"order_rcvg_firm_ordrcvd_date":"3/2/2018","order_rcvg_firm_order_id":4,"firm_roe_id":"FR4","source_system":"GTS","Action_type_code":"REVERT","Issue_Sysmbol_id":"D1","Order_Cancel_Timestamp":"3/12/2018 13:23","Cancel_Type_Flag":"X","Cancel_Quantity":4,"Cancel_Leaves_Quantity":0,"Cancelled_By_Flag":"N"}
{"order_event_type_cd":"OR_CL","order_rcvg_firm_mpid":11,"order_rcvg_firm_ordrcvd_date":"3/2/2018","order_rcvg_firm_order_id":5,"firm_roe_id":"FR5","source_system":"GTS","Action_type_code":"REVERT","Issue_Sysmbol_id":"D1","Order_Cancel_Timestamp":"3/13/2018 13:23","Cancel_Type_Flag":"X","Cancel_Quantity":5,"Cancel_Leaves_Quantity":0,"Cancelled_By_Flag":"N"}
{"order_event_type_cd":"OR_CL","order_rcvg_firm_mpid":22,"order_rcvg_firm_ordrcvd_date":"3/3/2018","order_rcvg_firm_order_id":6,"firm_roe_id":"FR6","source_system":"GTS","Action_type_code":"REVERT","Issue_Sysmbol_id":"D1","Order_Cancel_Timestamp":"3/14/2018 13:23","Cancel_Type_Flag":"X","Cancel_Quantity":6,"Cancel_Leaves_Quantity":0,"Cancelled_By_Flag":"N"}
{"order_event_type_cd":"OR_CL","order_rcvg_firm_mpid":22,"order_rcvg_firm_ordrcvd_date":"3/3/2018","order_rcvg_firm_order_id":7,"firm_roe_id":"FR7","source_system":"GTS","Action_type_code":"REVERT","Issue_Sysmbol_id":"D1","Order_Cancel_Timestamp":"3/15/2018 13:23","Cancel_Type_Flag":"X","Cancel_Quantity":7,"Cancel_Leaves_Quantity":0,"Cancelled_By_Flag":"N"}
{"order_event_type_cd":"OR_CL","order_rcvg_firm_mpid":22,"order_rcvg_firm_ordrcvd_date":"3/3/2018","order_rcvg_firm_order_id":8,"firm_roe_id":"FR8","source_system":"GTS","Action_type_code":"REVERT","Issue_Sysmbol_id":"D1","Order_Cancel_Timestamp":"3/16/2018 13:23","Cancel_Type_Flag":"X","Cancel_Quantity":8,"Cancel_Leaves_Quantity":0,"Cancelled_By_Flag":"N"}
{"order_event_type_cd":"OR_CL","order_rcvg_firm_mpid":22,"order_rcvg_firm_ordrcvd_date":"3/3/2018","order_rcvg_firm_order_id":9,"firm_roe_id":"FR9","source_system":"GTS","Action_type_code":"REVERT","Issue_Sysmbol_id":"D1","Order_Cancel_Timestamp":"3/17/2018 13:23","Cancel_Type_Flag":"X","Cancel_Quantity":9,"Cancel_Leaves_Quantity":0,"Cancelled_By_Flag":"N"}
{"order_event_type_cd":"OR_CL","order_rcvg_firm_mpid":22,"order_rcvg_firm_ordrcvd_date":"3/3/2018","order_rcvg_firm_order_id":10,"firm_roe_id":"FR10","source_system":"GTS","Action_type_code":"REVERT","Issue_Sysmbol_id":"D1","Order_Cancel_Timestamp":"3/18/2018 13:23","Cancel_Type_Flag":"X","Cancel_Quantity":10,"Cancel_Leaves_Quantity":0,"Cancelled_By_Flag":"N"}
{"order_event_type_cd":"OR_CL","order_rcvg_firm_mpid":33,"order_rcvg_firm_ordrcvd_date":"3/4/2018","order_rcvg_firm_order_id":11,"firm_roe_id":"FR11","source_system":"GTS","Action_type_code":"REVERT","Issue_Sysmbol_id":"D1","Order_Cancel_Timestamp":"3/19/2018 13:23","Cancel_Type_Flag":"X","Cancel_Quantity":11,"Cancel_Leaves_Quantity":0,"Cancelled_By_Flag":"N"}
{"order_event_type_cd":"OR_CL","order_rcvg_firm_mpid":33,"order_rcvg_firm_ordrcvd_date":"3/4/2018","order_rcvg_firm_order_id":12,"firm_roe_id":"FR12","source_system":"GTS","Action_type_code":"REVERT","Issue_Sysmbol_id":"D1","Order_Cancel_Timestamp":"3/20/2018 13:23","Cancel_Type_Flag":"X","Cancel_Quantity":12,"Cancel_Leaves_Quantity":0,"Cancelled_By_Flag":"N"}
{"order_event_type_cd":"OR_CL","order_rcvg_firm_mpid":33,"order_rcvg_firm_ordrcvd_date":"3/4/2018","order_rcvg_firm_order_id":13,"firm_roe_id":"FR13","source_system":"GTS","Action_type_code":"REVERT","Issue_Sysmbol_id":"D1","Order_Cancel_Timestamp":"3/21/2018 13:23","Cancel_Type_Flag":"X","Cancel_Quantity":13,"Cancel_Leaves_Quantity":0,"Cancelled_By_Flag":"N"}
{"order_event_type_cd":"OR_CL","order_rcvg_firm_mpid":34,"order_rcvg_firm_ordrcvd_date":"3/4/2018","order_rcvg_firm_order_id":14,"firm_roe_id":"FR14","source_system":"GTS","Action_type_code":"REVERT","Issue_Sysmbol_id":"D1","Order_Cancel_Timestamp":"3/22/2018 13:23","Cancel_Type_Flag":"X","Cancel_Quantity":14,"Cancel_Leaves_Quantity":0,"Cancelled_By_Flag":"N"}
{"order_event_type_cd":"OR_CL","order_rcvg_firm_mpid":35,"order_rcvg_firm_ordrcvd_date":"3/4/2018","order_rcvg_firm_order_id":15,"firm_roe_id":"FR15","source_system":"GTS","Action_type_code":"REVERT","Issue_Sysmbol_id":"D1","Order_Cancel_Timestamp":"3/23/2018 13:23","Cancel_Type_Flag":"X","Cancel_Quantity":15,"Cancel_Leaves_Quantity":0,"Cancelled_By_Flag":"N"}
{"order_event_type_cd":"OR_CL","order_rcvg_firm_mpid":36,"order_rcvg_firm_ordrcvd_date":"3/4/2018","order_rcvg_firm_order_id":16,"firm_roe_id":"FR16","source_system":"GTS","Action_type_code":"REVERT","Issue_Sysmbol_id":"D1","Order_Cancel_Timestamp":"3/23/2018 13:23","Cancel_Type_Flag":"X","Cancel_Quantity":15,"Cancel_Leaves_Quantity":0,"Cancelled_By_Flag":"N"}
{"order_event_type_cd":"OR_CL","order_rcvg_firm_mpid":37,"order_rcvg_firm_ordrcvd_date":"3/4/2018","order_rcvg_firm_order_id":17,"firm_roe_id":"FR17","source_system":"GTS","Action_type_code":"REVERT","Issue_Sysmbol_id":"D1","Order_Cancel_Timestamp":"3/23/2018 13:23","Cancel_Type_Flag":"X","Cancel_Quantity":15,"Cancel_Leaves_Quantity":0,"Cancelled_By_Flag":"N"}