<OatsCLMaster>
	<OatsCL>
		<Order_rcvg_firm_mpid>11</Order_rcvg_firm_mpid>
		<Order_event_type_cd>OR_CL</Order_event_type_cd>
		<Action_type_cd>REVERT</Action_type_cd>
		<Firm_roe_id>FR1</Firm_roe_id>
		<Source_system>OATS</Source_system>
		<Order_rcvg_firm_ordrcvd_date>1519929000000</Order_rcvg_firm_ordrcvd_date>
		<Order_rcvg_firm_order_id>1</Order_rcvg_firm_order_id>
		<Issue_symbol_id>D1</Issue_symbol_id>
		<Order_cancel_tmstp>2018/3/9 13:23</Order_cancel_tmstp>
		<Cancel_type_flag>X</Cancel_type_flag>
		<Cancel_qty>1</Cancel_qty>
		<Cancel_leaves_qty>0</Cancel_leaves_qty>
		<Cancelled_by_flag>N</Cancelled_by_flag>
		<Cancelled_by_flag_countagg>0</Cancelled_by_flag_countagg>
		<Data_source>OATS</Data_source>
	</OatsCL>
	<OatsCL>
		<Order_rcvg_firm_mpid>11</Order_rcvg_firm_mpid>
		<Order_event_type_cd>OR_CL</Order_event_type_cd>
		<Action_type_cd>REVERT</Action_type_cd>
		<Firm_roe_id>FR2</Firm_roe_id>
		<Source_system>OATS</Source_system>
		<Order_rcvg_firm_ordrcvd_date>1519929000000</Order_rcvg_firm_ordrcvd_date>
		<Order_rcvg_firm_order_id>2</Order_rcvg_firm_order_id>
		<Issue_symbol_id>D1</Issue_symbol_id>
		<Order_cancel_tmstp>2018/3/10 13:23</Order_cancel_tmstp>
		<Cancel_type_flag>X</Cancel_type_flag>
		<Cancel_qty>2</Cancel_qty>
		<Cancel_leaves_qty>0</Cancel_leaves_qty>
		<Cancelled_by_flag>N</Cancelled_by_flag>
		<Cancelled_by_flag_countagg>0</Cancelled_by_flag_countagg>
		<Data_source>OATS</Data_source>
	</OatsCL>
	<OatsCL>
		<Order_rcvg_firm_mpid>11</Order_rcvg_firm_mpid>
		<Order_event_type_cd>OR_CL</Order_event_type_cd>
		<Action_type_cd>REVERT</Action_type_cd>
		<Firm_roe_id>FR2</Firm_roe_id>
		<Source_system>OATS</Source_system>
		<Order_rcvg_firm_ordrcvd_date>1519929000000</Order_rcvg_firm_ordrcvd_date>
		<Order_rcvg_firm_order_id>2</Order_rcvg_firm_order_id>
		<Issue_symbol_id>D1</Issue_symbol_id>
		<Order_cancel_tmstp>2018/3/10 13:23</Order_cancel_tmstp>
		<Cancel_type_flag>X</Cancel_type_flag>
		<Cancel_qty>2</Cancel_qty>
		<Cancel_leaves_qty>0</Cancel_leaves_qty>
		<Cancelled_by_flag>N</Cancelled_by_flag>
		<Cancelled_by_flag_countagg>0</Cancelled_by_flag_countagg>
		<Data_source>OATS</Data_source>
	</OatsCL>
	<OatsCL>
		<Order_rcvg_firm_mpid>11</Order_rcvg_firm_mpid>
		<Order_event_type_cd>OR_CL</Order_event_type_cd>
		<Action_type_cd>REVERT</Action_type_cd>
		<Firm_roe_id>FR3</Firm_roe_id>
		<Source_system>OATS</Source_system>
		<Order_rcvg_firm_ordrcvd_date>1519929000000</Order_rcvg_firm_ordrcvd_date>
		<Order_rcvg_firm_order_id>3</Order_rcvg_firm_order_id>
		<Issue_symbol_id>D1</Issue_symbol_id>
		<Order_cancel_tmstp>2018/3/11 13:23</Order_cancel_tmstp>
		<Cancel_type_flag>X</Cancel_type_flag>
		<Cancel_qty>3</Cancel_qty>
		<Cancel_leaves_qty>0</Cancel_leaves_qty>
		<Cancelled_by_flag>N</Cancelled_by_flag>
		<Cancelled_by_flag_countagg>0</Cancelled_by_flag_countagg>
		<Data_source>OATS</Data_source>
	</OatsCL>
	<OatsCL>
		<Order_rcvg_firm_mpid>11</Order_rcvg_firm_mpid>
		<Order_event_type_cd>OR_CL</Order_event_type_cd>
		<Action_type_cd>REVERT</Action_type_cd>
		<Firm_roe_id>FR4</Firm_roe_id>
		<Source_system>OATS</Source_system>
		<Order_rcvg_firm_ordrcvd_date>1519929000000</Order_rcvg_firm_ordrcvd_date>
		<Order_rcvg_firm_order_id>4</Order_rcvg_firm_order_id>
		<Issue_symbol_id>D1</Issue_symbol_id>
		<Order_cancel_tmstp>2018/3/12 13:23</Order_cancel_tmstp>
		<Cancel_type_flag>X</Cancel_type_flag>
		<Cancel_qty>4</Cancel_qty>
		<Cancel_leaves_qty>0</Cancel_leaves_qty>
		<Cancelled_by_flag>N</Cancelled_by_flag>
		<Cancelled_by_flag_countagg>0</Cancelled_by_flag_countagg>
		<Data_source>OATS</Data_source>
	</OatsCL><OatsCL>
		<Order_rcvg_firm_mpid>11</Order_rcvg_firm_mpid>
		<Order_event_type_cd>OR_CL</Order_event_type_cd>
		<Action_type_cd>REVERT</Action_type_cd>
		<Firm_roe_id>FR5</Firm_roe_id>
		<Source_system>OATS</Source_system>
		<Order_rcvg_firm_ordrcvd_date>1519929000000</Order_rcvg_firm_ordrcvd_date>
		<Order_rcvg_firm_order_id>5</Order_rcvg_firm_order_id>
		<Issue_symbol_id>D1</Issue_symbol_id>
		<Order_cancel_tmstp>2018/3/13 13:23</Order_cancel_tmstp>
		<Cancel_type_flag>X</Cancel_type_flag>
		<Cancel_qty>5</Cancel_qty>
		<Cancel_leaves_qty>0</Cancel_leaves_qty>
		<Cancelled_by_flag>N</Cancelled_by_flag>
		<Cancelled_by_flag_countagg>0</Cancelled_by_flag_countagg>
		<Data_source>OATS</Data_source>
	</OatsCL>
	<OatsCL>
		<Order_rcvg_firm_mpid>22</Order_rcvg_firm_mpid>
		<Order_event_type_cd>OR_CL</Order_event_type_cd>
		<Action_type_cd>REVERT</Action_type_cd>
		<Firm_roe_id>FR6</Firm_roe_id>
		<Source_system>OATS</Source_system>
		<Order_rcvg_firm_ordrcvd_date>1520015400000</Order_rcvg_firm_ordrcvd_date>
		<Order_rcvg_firm_order_id>6</Order_rcvg_firm_order_id>
		<Issue_symbol_id>D1</Issue_symbol_id>
		<Order_cancel_tmstp>2018/3/14 13:23</Order_cancel_tmstp>
		<Cancel_type_flag>X</Cancel_type_flag>
		<Cancel_qty>6</Cancel_qty>
		<Cancel_leaves_qty>0</Cancel_leaves_qty>
		<Cancelled_by_flag>N</Cancelled_by_flag>
		<Cancelled_by_flag_countagg>0</Cancelled_by_flag_countagg>
		<Data_source>OATS</Data_source>
	</OatsCL>
	<OatsCL>
		<Order_rcvg_firm_mpid>22</Order_rcvg_firm_mpid>
		<Order_event_type_cd>OR_CL</Order_event_type_cd>
		<Action_type_cd>REVERT</Action_type_cd>
		<Firm_roe_id>FR7</Firm_roe_id>
		<Source_system>OATS</Source_system>
		<Order_rcvg_firm_ordrcvd_date>1520015400000</Order_rcvg_firm_ordrcvd_date>
		<Order_rcvg_firm_order_id>7</Order_rcvg_firm_order_id>
		<Issue_symbol_id>D1</Issue_symbol_id>
		<Order_cancel_tmstp>2018/3/15 13:23</Order_cancel_tmstp>
		<Cancel_type_flag>X</Cancel_type_flag>
		<Cancel_qty>7</Cancel_qty>
		<Cancel_leaves_qty>0</Cancel_leaves_qty>
		<Cancelled_by_flag>N</Cancelled_by_flag>
		<Cancelled_by_flag_countagg>0</Cancelled_by_flag_countagg>
		<Data_source>OATS</Data_source>
	</OatsCL>
	<OatsCL>
		<Order_rcvg_firm_mpid>22</Order_rcvg_firm_mpid>
		<Order_event_type_cd>OR_CL</Order_event_type_cd>
		<Action_type_cd>REVERT</Action_type_cd>
		<Firm_roe_id>FR8</Firm_roe_id>
		<Source_system>OATS</Source_system>
		<Order_rcvg_firm_ordrcvd_date>1520015400000</Order_rcvg_firm_ordrcvd_date>
		<Order_rcvg_firm_order_id>8</Order_rcvg_firm_order_id>
		<Issue_symbol_id>D1</Issue_symbol_id>
		<Order_cancel_tmstp>2018/3/16 13:23</Order_cancel_tmstp>
		<Cancel_type_flag>X</Cancel_type_flag>
		<Cancel_qty>8</Cancel_qty>
		<Cancel_leaves_qty>0</Cancel_leaves_qty>
		<Cancelled_by_flag>N</Cancelled_by_flag>
		<Cancelled_by_flag_countagg>0</Cancelled_by_flag_countagg>
		<Data_source>OATS</Data_source>
	</OatsCL>
	<OatsCL>
		<Order_rcvg_firm_mpid>22</Order_rcvg_firm_mpid>
		<Order_event_type_cd>OR_CL</Order_event_type_cd>
		<Action_type_cd>REVERT</Action_type_cd>
		<Firm_roe_id>FR9</Firm_roe_id>
		<Source_system>OATS</Source_system>
		<Order_rcvg_firm_ordrcvd_date>1520015400000</Order_rcvg_firm_ordrcvd_date>
		<Order_rcvg_firm_order_id>9</Order_rcvg_firm_order_id>
		<Issue_symbol_id>D1</Issue_symbol_id>
		<Order_cancel_tmstp>2018/3/17 13:23</Order_cancel_tmstp>
		<Cancel_type_flag>X</Cancel_type_flag>
		<Cancel_qty>9</Cancel_qty>
		<Cancel_leaves_qty>0</Cancel_leaves_qty>
		<Cancelled_by_flag>N</Cancelled_by_flag>
		<Cancelled_by_flag_countagg>0</Cancelled_by_flag_countagg>
		<Data_source>OATS</Data_source>
	</OatsCL>
	<OatsCL>
		<Order_rcvg_firm_mpid>22</Order_rcvg_firm_mpid>
		<Order_event_type_cd>OR_CL</Order_event_type_cd>
		<Action_type_cd>REVERT</Action_type_cd>
		<Firm_roe_id>FR10</Firm_roe_id>
		<Source_system>OATS</Source_system>
		<Order_rcvg_firm_ordrcvd_date>1520015400000</Order_rcvg_firm_ordrcvd_date>
		<Order_rcvg_firm_order_id>10</Order_rcvg_firm_order_id>
		<Issue_symbol_id>D1</Issue_symbol_id>
		<Order_cancel_tmstp>2018/3/18 13:23</Order_cancel_tmstp>
		<Cancel_type_flag>X</Cancel_type_flag>
		<Cancel_qty>10</Cancel_qty>
		<Cancel_leaves_qty>0</Cancel_leaves_qty>
		<Cancelled_by_flag>N</Cancelled_by_flag>
		<Cancelled_by_flag_countagg>0</Cancelled_by_flag_countagg>
		<Data_source>OATS</Data_source>
	</OatsCL>
	<OatsCL>
		<Order_rcvg_firm_mpid>33</Order_rcvg_firm_mpid>
		<Order_event_type_cd>OR_CL</Order_event_type_cd>
		<Action_type_cd>REVERT</Action_type_cd>
		<Firm_roe_id>FR11</Firm_roe_id>
		<Source_system>OATS</Source_system>
		<Order_rcvg_firm_ordrcvd_date>1520101800000</Order_rcvg_firm_ordrcvd_date>
		<Order_rcvg_firm_order_id>11</Order_rcvg_firm_order_id>
		<Issue_symbol_id>D1</Issue_symbol_id>
		<Order_cancel_tmstp>2018/3/19 13:23</Order_cancel_tmstp>
		<Cancel_type_flag>X</Cancel_type_flag>
		<Cancel_qty>11</Cancel_qty>
		<Cancel_leaves_qty>0</Cancel_leaves_qty>
		<Cancelled_by_flag>N</Cancelled_by_flag>
		<Cancelled_by_flag_countagg>0</Cancelled_by_flag_countagg>
		<Data_source>OATS</Data_source>
	</OatsCL><OatsCL>
		<Order_rcvg_firm_mpid>33</Order_rcvg_firm_mpid>
		<Order_event_type_cd>OR_CL</Order_event_type_cd>
		<Action_type_cd>REVERT</Action_type_cd>
		<Firm_roe_id>FR12</Firm_roe_id>
		<Source_system>OATS</Source_system>
		<Order_rcvg_firm_ordrcvd_date>1520101800000</Order_rcvg_firm_ordrcvd_date>
		<Order_rcvg_firm_order_id>12</Order_rcvg_firm_order_id>
		<Issue_symbol_id>D1</Issue_symbol_id>
		<Order_cancel_tmstp>2018/3/20 13:23</Order_cancel_tmstp>
		<Cancel_type_flag>X</Cancel_type_flag>
		<Cancel_qty>12</Cancel_qty>
		<Cancel_leaves_qty>0</Cancel_leaves_qty>
		<Cancelled_by_flag>N</Cancelled_by_flag>
		<Cancelled_by_flag_countagg>0</Cancelled_by_flag_countagg>
		<Data_source>OATS</Data_source>
	</OatsCL>
	<OatsCL>
		<Order_rcvg_firm_mpid>33</Order_rcvg_firm_mpid>
		<Order_event_type_cd>OR_CL</Order_event_type_cd>
		<Action_type_cd>REVERT</Action_type_cd>
		<Firm_roe_id>FR13</Firm_roe_id>
		<Source_system>OATS</Source_system>
		<Order_rcvg_firm_ordrcvd_date>1520101800000</Order_rcvg_firm_ordrcvd_date>
		<Order_rcvg_firm_order_id>13</Order_rcvg_firm_order_id>
		<Issue_symbol_id>D1</Issue_symbol_id>
		<Order_cancel_tmstp>2018/3/21 13:23</Order_cancel_tmstp>
		<Cancel_type_flag>X</Cancel_type_flag>
		<Cancel_qty>13</Cancel_qty>
		<Cancel_leaves_qty>0</Cancel_leaves_qty>
		<Cancelled_by_flag>N</Cancelled_by_flag>
		<Cancelled_by_flag_countagg>0</Cancelled_by_flag_countagg>
		<Data_source>OATS</Data_source>
	</OatsCL>
	<OatsCL>
		<Order_rcvg_firm_mpid>35</Order_rcvg_firm_mpid>
		<Order_event_type_cd>OR_CL</Order_event_type_cd>
		<Action_type_cd>REVERT</Action_type_cd>
		<Firm_roe_id>FR15</Firm_roe_id>
		<Source_system>OATS</Source_system>
		<Order_rcvg_firm_ordrcvd_date>1520101800000</Order_rcvg_firm_ordrcvd_date>
		<Order_rcvg_firm_order_id>15</Order_rcvg_firm_order_id>
		<Issue_symbol_id>D1</Issue_symbol_id>
		<Order_cancel_tmstp>2018/3/23 13:23</Order_cancel_tmstp>
		<Cancel_type_flag>X</Cancel_type_flag>
		<Cancel_qty>15</Cancel_qty>
		<Cancel_leaves_qty>0</Cancel_leaves_qty>
		<Cancelled_by_flag>N</Cancelled_by_flag>
		<Cancelled_by_flag_countagg>0</Cancelled_by_flag_countagg>
		<Data_source>OATS</Data_source>
	</OatsCL>
	<OatsCL>
		<Order_rcvg_firm_mpid>36</Order_rcvg_firm_mpid>
		<Order_event_type_cd>OR_CL</Order_event_type_cd>
		<Action_type_cd>REVERT</Action_type_cd>
		<Firm_roe_id>FR16</Firm_roe_id>
		<Source_system>OATS</Source_system>
		<Order_rcvg_firm_ordrcvd_date>1520101800000</Order_rcvg_firm_ordrcvd_date>
		<Order_rcvg_firm_order_id>16</Order_rcvg_firm_order_id>
		<Issue_symbol_id>D1</Issue_symbol_id>
		<Order_cancel_tmstp>2019/3/23 13:23</Order_cancel_tmstp>
		<Cancel_type_flag>X</Cancel_type_flag>
		<Cancel_qty>15</Cancel_qty>
		<Cancel_leaves_qty>0</Cancel_leaves_qty>
		<Cancelled_by_flag>N</Cancelled_by_flag>
		<Cancelled_by_flag_countagg>0</Cancelled_by_flag_countagg>
		<Data_source>OATS</Data_source>
	</OatsCL>
	<OatsCL>
		<Order_rcvg_firm_mpid>37</Order_rcvg_firm_mpid>
		<Order_event_type_cd>OR_CL</Order_event_type_cd>
		<Action_type_cd>REVERT</Action_type_cd>
		<Firm_roe_id>FR17</Firm_roe_id>
		<Source_system>OATS</Source_system>
		<Order_rcvg_firm_ordrcvd_date>1520015400000</Order_rcvg_firm_ordrcvd_date>
		<Order_rcvg_firm_order_id>17</Order_rcvg_firm_order_id>
		<Issue_symbol_id>D1</Issue_symbol_id>
		<Order_cancel_tmstp>2018/3/23 13:23</Order_cancel_tmstp>
		<Cancel_type_flag>X</Cancel_type_flag>
		<Cancel_qty>15</Cancel_qty>
		<Cancel_leaves_qty>0</Cancel_leaves_qty>
		<Cancelled_by_flag>N</Cancelled_by_flag>
		<Cancelled_by_flag_countagg>0</Cancelled_by_flag_countagg>
		<Data_source>OATS</Data_source>
	</OatsCL>
</OatsCLMaster>